ID,Name,Age,Email
85657,Shrishti Adiga,11,Shrishti@hlklr.com
71450,Shrishti Jain,74,Shrishti@wekfl.com
28944,Surabhi Shetty,24,Surabhi@ktxcj.com
24470,Parimala Naik,93,Parimala@wlhzx.com
42873,Divya Shenoy,84,Divya@eckgv.com
43002,Navya Mendonsa,79,Navya@citjl.com
28860,Asmee Kamath,52,Asmee@oqmcb.com
08094,Nisha Gupta,90,Nisha@qeklp.com
68222,Sita Vernekar,66,Sita@coitw.com
39533,Bhoomika Shet,37,Bhoomika@yuugx.com
28313,Prisha Uchil,71,Prisha@cuvdj.com
29222,Sowjanya Naik,19,Sowjanya@cbtiw.com
45108,Saisha Shroff,87,Saisha@mfgqy.com
72690,Taara Manjunath,95,Taara@amvhc.com
18943,Parimala Prabhu,10,Parimala@xdejl.com
55228,Vaani Shet,6,Vaani@irsys.com
27561,Saranya Dhamdhame,36,Saranya@nclfg.com
16680,Madhumita Taj,30,Madhumita@uxrqb.com
93909,Archana Rao,2,Archana@nhocx.com
63866,Shobha Salian,74,Shobha@wyayr.com
20249,Yashodha Vernekar,85,Yashodha@oqjrv.com
26836,Sumana Shah,27,Sumana@fyvdm.com
77135,Deekshitha Mathew,26,Deekshitha@jhcdn.com
57251,Sarita Nayak,40,Sarita@hqcsg.com
03956,Mangala Shetty,88,Mangala@wagjt.com
63380,Parimala Gatty,16,Parimala@sycxn.com
98805,Akshatha Anchan,83,Akshatha@xanoc.com
66136,Sudha Bharanya,91,Sudha@omgle.com
04227,Kavya Dalvi,36,Kavya@odohu.com
03139,Rakshitha Kavser,36,Rakshitha@pyrdg.com
50700,Adah Shukla,96,Adah@hxxbh.com
16999,Rekha Manjunath,66,Rekha@midiz.com
96388,Ashwini Anchan,74,Ashwini@hpmcv.com
40924,Nisha Mugeraya,86,Nisha@lxdon.com
50381,Madhumita Nair,10,Madhumita@nngkx.com
90809,Taahira Shet,37,Taahira@qpplj.com
87691,Sangeetha Holla,75,Sangeetha@jksar.com
84411,Sahana Belligatti,75,Sahana@brpuv.com
06354,Harini Shetty,9,Harini@qqjmx.com
40828,Sapna Das,30,Sapna@vxacc.com
06706,Chinmayee Kaur,60,Chinmayee@nuzrq.com
74182,Sowmya Singh,33,Sowmya@sitvw.com
90787,Sudha Kaur,80,Sudha@mwvqb.com
49172,Akshatha Das,31,Akshatha@vxygd.com
66744,Sapthashree Dhamdhame,9,Sapthashree@bneok.com
68103,Tejaswi Manjunath,12,Tejaswi@ubytc.com
28835,Sushmitha Almeida,84,Sushmitha@aualo.com
42176,Shravya Gatty,39,Shravya@nqmfr.com
37118,Aishwarya Saha,40,Aishwarya@smzny.com
14134,Hithakshi Tipparti,47,Hithakshi@acvhy.com
97263,Kavya Dsouza,80,Kavya@pxlnk.com
59685,Kavyashri Saldanha,13,Kavyashri@teavw.com
45259,Chaithra Acharya,38,Chaithra@ftnlf.com
74585,Pooja Banerjee,2,Pooja@qncvm.com
12379,Monisha Prajapati,50,Monisha@ilugj.com
46258,Avni Kini,32,Avni@efcfp.com
24216,Namratha Nayak,60,Namratha@akybq.com
04655,Sushma Raval,23,Sushma@wrvgi.com
13051,Nishitha Uchil,41,Nishitha@bywjz.com
27616,Vishrutha Prajapati,48,Vishrutha@gkbuq.com
66164,Shravya Shukla,11,Shravya@jwjxx.com
99285,Chaitra Bansal,53,Chaitra@grbpt.com
76569,Prathiksha Dawangave,9,Prathiksha@kkewi.com
34660,Aaradhya Dsouza,75,Aaradhya@whxcc.com
95035,Archana Pujari,45,Archana@fehjb.com
81973,Suhasini Shet,34,Suhasini@nriwy.com
79032,Kimaya Shayana,98,Kimaya@xiwmn.com
16969,Priyanka Shah,60,Priyanka@mcvzj.com
14223,Nishitha Namnaik,3,Nishitha@rwtel.com
83936,Swathi Bhardwaj,10,Swathi@qzqpn.com
51452,Pooja Holla,8,Pooja@sejdw.com
26055,Vidya Gupta,65,Vidya@uscuc.com
52672,Kavyashri Dawangave,26,Kavyashri@rhejw.com
50145,Nisha Chavare,23,Nisha@tsjnd.com
03702,Anitha Mardhekar,13,Anitha@onnqo.com
84620,Nandita Rao,64,Nandita@bovvv.com
05787,Shrishti Singh,94,Shrishti@rnsoq.com
96268,Chinmayee Babu,99,Chinmayee@gcndp.com
95381,Keya Banerjee,68,Keya@bcehx.com
67757,Ashwini Taj,82,Ashwini@tavau.com
93258,Akshatha Sheikh,85,Akshatha@hhdtr.com
54385,Chaithra Babu,12,Chaithra@dkxyg.com
70816,Meenakshi Holla,91,Meenakshi@qukqy.com
49699,Shobha Mendonsa,49,Shobha@nbzlk.com
91557,Shrinidhi Anand,89,Shrinidhi@zgofl.com
83078,Swarna Bansal,36,Swarna@arzsj.com
77096,Navami Mathew,75,Navami@cbouz.com
38587,Soumyashree Chavare,23,Soumyashree@qebsl.com
08360,Yashika Vernekar,28,Yashika@kejui.com
01929,Shubhangi Kulkarni,61,Shubhangi@rdmsp.com
67057,Meera Nand,12,Meera@kyaqk.com
81080,Praneetha Kulkarni,30,Praneetha@xxhpv.com
07557,Deepika Dalvi,25,Deepika@ndbjg.com
13932,Sandhya Hiremath,9,Sandhya@vqzpf.com
54528,Savitha Prabhakaran,17,Savitha@dhsvr.com
77009,Ranjani Dawangave,37,Ranjani@lakpf.com
51571,Rebecca Rajesh,90,Rebecca@tjllw.com
98301,Deekshitha Shetty,29,Deekshitha@kjwoc.com
34365,Harini Nair,48,Harini@snkyq.com
05368,Saisha Suvarna,68,Saisha@ysozq.com
