ID,Name,Age,Email
07180,Beatrice Patel,59,Beatrice@ebqts.com
89165,Anthony Gagné,60,Anthony@kdadk.com
68110,Maya Miller,50,Maya@iyzzq.com
73537,Dominic Lam,65,Dominic@hhtam.com
59834,Owen Lam,26,Owen@ldrsr.com
70889,Aiden Park,70,Aiden@yapay.com
87596,Julia Tremblay,12,Julia@rntej.com
30755,Annabelle Harcourt,39,Annabelle@aotdc.com
74556,Julia Roy,22,Julia@kqiby.com
69202,Elizabeth Smith,38,Elizabeth@msiro.com
35376,Chloe Johnson,73,Chloe@mexxb.com
12485,Jacob Wilson,25,Jacob@pmcpx.com
18184,Hunter Johnson,46,Hunter@okpeo.com
40122,Sofia Barnaby,2,Sofia@ajeuw.com
06739,Sophia Tremblay,97,Sophia@szasg.com
12977,Alexandre Gauthier,35,Alexandre@bsrnq.com
83910,Hailey Gagné,16,Hailey@yuxng.com
90069,Nathan Lavoie,56,Nathan@wqfon.com
79087,Bently Young,54,Bently@yqdph.com
70825,Megan Singh,71,Megan@mcofw.com
07177,Juliette Anderson,71,Juliette@ahdrw.com
36853,Eva Clark,92,Eva@mclof.com
89610,Theo Martin,41,Theo@bmptf.com
01950,Hannah Lavigne,61,Hannah@kwzzp.com
52006,Olivier Ross,3,Olivier@dormj.com
14716,Nathan Roy,31,Nathan@frdal.com
45157,Amelia Ross,89,Amelia@ikbmc.com
66180,Arthur Chu,54,Arthur@puabr.com
18456,Brielle Bouchard,29,Brielle@qugfj.com
81000,Isabella Williams,18,Isabella@pepvf.com
85243,Felix Chu,12,Felix@hvxui.com
64334,Oliver Ambrose,79,Oliver@qfpxk.com
39192,Megan Miller,39,Megan@sacmw.com
96304,Ryder Scott,42,Ryder@ovtnb.com
22054,Sophia Ouellet,46,Sophia@whgca.com
54589,Jeremy Fortin,61,Jeremy@liauw.com
89285,Thomas Novak,29,Thomas@ehkop.com
04193,Ryan French,27,Ryan@pxhdf.com
09427,Elizabeth Margaret,13,Elizabeth@ikqoq.com
53769,Elizabeth Gill,22,Elizabeth@vvmfn.com
21658,Elizabeth Ginnish,89,Elizabeth@jrfdv.com
37168,Charlie French,93,Charlie@qyqrt.com
08656,Mason Mackay,4,Mason@ghndq.com
93774,Alexis Knight,44,Alexis@funcm.com
96642,Philip Williams,87,Philip@nzovf.com
16450,Jeanne Claire,50,Jeanne@bftfg.com
58792,Simon Li,21,Simon@dowoe.com
37272,Dominic Chan,54,Dominic@xfoyz.com
96029,Justine Taylor,31,Justine@hoors.com
00873,Logan Mackay,25,Logan@wvpbw.com
69806,Louis Denys,89,Louis@xtddg.com
35330,Elliot Lavigne,76,Elliot@qbdvw.com
78087,Annabelle Margaret,17,Annabelle@infko.com
19126,Camille Singh,9,Camille@ocwoy.com
24065,Alice Thompson,93,Alice@bexud.com
58438,Antoine Claire,4,Antoine@ukylk.com
43825,Florence Ma,80,Florence@vdzwy.com
27970,Ethan Singh,67,Ethan@amzwv.com
35198,Leo Lévesque,94,Leo@zcozg.com
49801,Dominic Mitchell,68,Dominic@ngngb.com
40058,Daniel Li,40,Daniel@enotq.com
45416,Lucas Clark,29,Lucas@vmlxb.com
98531,Dominic Bouchard,98,Dominic@rzymb.com
69930,Alice Margaret,66,Alice@gnsmj.com
72146,Marianne Chan,42,Marianne@xyfbx.com
64335,Delphine Claire,2,Delphine@zgcug.com
82769,Lea Miller,82,Lea@egknh.com
48939,Bently Li,38,Bently@upetj.com
04549,Ella Jean-Baptiste,33,Ella@zxcxk.com
59014,Gabrielle Fortin,31,Gabrielle@wonep.com
01061,Sophia Claire,7,Sophia@afumq.com
95873,Camille Ma,45,Camille@kgsus.com
91239,Nicolas Brar,100,Nicolas@tbpag.com
66960,Zackary Taylor,2,Zackary@toddu.com
76449,William Ennis,3,William@wzwug.com
15340,Xavier Walker,32,Xavier@hgdbs.com
90170,Aubree Chan,93,Aubree@jxkdo.com
57492,Harper Kowalski,45,Harper@spcil.com
31398,Victor Knight,18,Victor@vvgck.com
87824,Emilie Wong,7,Emilie@bbgun.com
27658,Camille Williams,16,Camille@ledxy.com
91113,Chloe Liu,35,Chloe@nmose.com
47852,Eva Morin,11,Eva@ezmct.com
86425,Olivier Mackay,52,Olivier@ietpd.com
08815,Juliette Denys,84,Juliette@zgfyi.com
98523,Aubree Wilson,91,Aubree@zmdnk.com
03836,Julia Miller,5,Julia@zcrur.com
97604,Elizabeth Grewal,10,Elizabeth@ubgcl.com
47067,James Jean-Baptiste,100,James@ymgsg.com
34732,Emilie Gagné,30,Emilie@ckczl.com
06086,Marianne Campbell,90,Marianne@ytgux.com
37318,Alexander Gagné,4,Alexander@aesmh.com
43986,William Gauthier,7,William@padgk.com
04926,    Abigail Slawa,12,    Abigail@qhvuh.com
30447,Juliette Ma,28,Juliette@mdgxy.com
77041,Blake Pelletier,44,Blake@kwdhf.com
73959,Chloe Chow,21,Chloe@uodak.com
12654,Jack Claire,79,Jack@tvkpe.com
43723,Carter Ross,4,Carter@jkhzt.com
29013,Emile Macdonald,49,Emile@aiixo.com
